Persona,legislatura,graduated
Marisa_Bonfatti_Paini,legislatura10,
Natia_Mammone,legislatura10,
Elena_Donazzan,legislatura15,
Roberta_Pinto,legislatura10,
Daniela_Romani,legislatura10,
Maria_Galli,legislatura12,
Anna_Maria_De_Luca,legislatura13,
Ida_Matarazzo,legislatura02,
Patrizia_Arnaboldi,legislatura10,
Renata_Marchionni_Zanchi,legislatura02,
Francesca_Gerardi,legislatura18,
Olga_Giannini,legislatura01,
Marilena_Parenti,legislatura16,
Cristina_Bevilacqua,legislatura10,
Veronica_Giannone,legislatura18,no
Leda_Colombini,legislatura10,no
Leda_Colombini,legislatura09,no
Giuseppina_Bertone,legislatura10,no
Michela_Vittoria_Brambilla,legislatura16,no
Michela_Vittoria_Brambilla,legislatura17,no
Michela_Vittoria_Brambilla,legislatura18,no
Michela_Vittoria_Brambilla,legislatura19,no
Chiara_Colosimo,legislatura19,no
Anna_Lucia_Lisa_Pannarale,legislatura17,no
Vittoria_Titomanlio,legislatura costituente,no
Vittoria_Titomanlio,legislatura01,no
Vittoria_Titomanlio,legislatura02,no
Vittoria_Titomanlio,legislatura03,no
Vittoria_Titomanlio,legislatura04,no
Romana_Bianchi,legislatura10,no
Romana_Bianchi,legislatura07,no
Romana_Bianchi,legislatura08,no
Romana_Bianchi,legislatura09,no
Carla_Rocchi,legislatura14,no
Maria_Antonietta_Sartori,legislatura11,no
Maria_Adelaide_Aglietta,legislatura10,no
Maria_Adelaide_Aglietta,legislatura07,no
Maria_Adelaide_Aglietta,legislatura08,no
Maria_Adelaide_Aglietta,legislatura09,no
Angela_Francese,legislatura10,no
Angela_Francese,legislatura08,no
Angela_Francese,legislatura09,no
Rossella_Artioli,legislatura10,no
Rossella_Artioli,legislatura11,no
Rossella_Artioli,legislatura09,no
Maria_Teresa_Capecchi,legislatura10,no
Maria_Teresa_Capecchi,legislatura09,no
Giovanna_Filippini,legislatura10,no
Giovanna_Filippini,legislatura09,no
Natalia_Levi,legislatura10,no
Natalia_Levi,legislatura09,no
Anna_Mainardi_Fava,legislatura10,no
Anna_Mainardi_Fava,legislatura09,no
Teresa_Migliasso,legislatura10,no
Teresa_Migliasso,legislatura09,no
Rosanna_Minozzi,legislatura10,no
Rosanna_Minozzi,legislatura09,no
Nanda_Montanari_Fornari,legislatura10,no
Nanda_Montanari_Fornari,legislatura09,no
Anna_Maria_Pedrazzi,legislatura10,no
Anna_Maria_Pedrazzi,legislatura09,no
Neide_Umidi,legislatura10,no
Neide_Umidi,legislatura09,no
Roberta_Breda,legislatura10,no
Roberta_Breda,legislatura11,no
Roberta_Breda,legislatura09,no
Elena_Montecchi,legislatura10,no
Elena_Montecchi,legislatura11,no
Elena_Montecchi,legislatura12,no
Elena_Montecchi,legislatura13,no
Elena_Montecchi,legislatura14,no
Elena_Montecchi,legislatura09,no
Liliana_Albertini,legislatura10,no
Liliana_Albertini,legislatura09,no
Elisabetta_Di_Prisco,legislatura10,no
Elisabetta_Di_Prisco,legislatura11,no
Anna_Donati,legislatura10,no
Rosa_Filippini,legislatura10,no
Rosa_Filippini,legislatura11,no
Marina_Sereni,legislatura14,no
Marina_Sereni,legislatura15,no
Marina_Sereni,legislatura16,no
Marina_Sereni,legislatura17,no
Rosella_Ottone,legislatura14,no
Rosella_Ottone,legislatura15,no
Lorena_Milanato,legislatura14,no
Lorena_Milanato,legislatura15,no
Lorena_Milanato,legislatura16,no
Lorena_Milanato,legislatura17,no
Lorena_Milanato,legislatura18,no
Viviana_Beccalossi,legislatura16,no
Viviana_Beccalossi,legislatura14,no
Olga_Di_Serio,legislatura14,no
Olga_Di_Serio,legislatura15,no
Olga_Di_Serio,legislatura16,no
Margherita_Coluccini,legislatura14,no
Katia_Zanotti,legislatura14,no
Katia_Zanotti,legislatura15,no
Graziella_Mascia,legislatura14,no
Graziella_Mascia,legislatura15,no
Caterina_De_Simone,legislatura14,no
Caterina_De_Simone,legislatura15,no
Carla_Mazzuca,legislatura12,no
Carla_Mazzuca,legislatura14,no
Marilde_Provera,legislatura14,no
Marilde_Provera,legislatura15,no
Manuela_Di_Centa,legislatura15,no
Manuela_Di_Centa,legislatura16,no
Emilia_Grazia_De_Biasi,legislatura15,no
Emilia_Grazia_De_Biasi,legislatura16,no
Stefania_Gabriella_Anastasia_Craxi,legislatura15,no
Stefania_Gabriella_Anastasia_Craxi,legislatura16,no
Flavia_Perina,legislatura15,no
Flavia_Perina,legislatura16,no
Giuseppina_Fasciani,legislatura15,no
Marisa_Nicchi,legislatura15,no
Marisa_Nicchi,legislatura17,no
Maria_Emilia_Intrieri,legislatura15,no
Elisa_Tripodi,legislatura18,no
Marialucia_Lorefice,legislatura18,no
Marialucia_Lorefice,legislatura17,no
Maria_Marzana,legislatura18,no
Maria_Marzana,legislatura17,no
Stella_Vecchio,legislatura01,no
Dolores_Abbiati,legislatura06,no
Dolores_Abbiati,legislatura07,no
Carla_Capponi_Bentivegna,legislatura02,no
Carla_Capponi_Bentivegna,legislatura06,no
Carmen_Casapieri,legislatura06,no
Carmen_Casapieri,legislatura07,no
Eletta_Bertani,legislatura07,no
Eletta_Bertani,legislatura08,no
Angela_Maria_Bottari,legislatura07,no
Angela_Maria_Bottari,legislatura08,no
Angela_Maria_Bottari,legislatura09,no
Maria_Luigia_Buro,legislatura07,no
Amelia_Casadei,legislatura07,no
Maria_Cocco,legislatura07,no
Maria_Cocco,legislatura08,no
Maria_Cocco,legislatura09,no
Cristina_Conchiglia,legislatura07,no
Cristina_Conchiglia,legislatura08,no
Nadia_Corradi,legislatura07,no
Nadia_Corradi,legislatura08,no
Angela_Giovagnoli,legislatura07,no
Angela_Giovagnoli,legislatura08,no
Angela_Giovagnoli,legislatura09,no
Enza_Marchi,legislatura07,no
Cecilia_Chiovini,legislatura06,no
Cecilia_Chiovini,legislatura07,no
Cecilia_Chiovini,legislatura08,no
Angela_Maria_Rosolen,legislatura07,no
Angela_Maria_Rosolen,legislatura08,no
Milena_Sarri,legislatura07,no
Milena_Sarri,legislatura08,no
Anna_Maria_Ciai,legislatura06,no
Anna_Maria_Ciai,legislatura07,no
Anna_Maria_Ciai,legislatura08,no
Maria_Lisa_Cinciari,legislatura01,no
Maria_Lisa_Cinciari,legislatura02,no
Maria_Lisa_Cinciari,legislatura03,no
Maria_Lisa_Cinciari,legislatura04,no
Ilia_Coppi,legislatura01,no
Ada_Del_Vecchio,legislatura02,no
Ada_Del_Vecchio,legislatura03,no
Baldina_Di_Vittorio_Berti,legislatura04,no
Elisabetta_Gallo,legislatura01,no
Maria_Miccolis,legislatura03,no
Giuliana_Nenni,legislatura01,no
Giuliana_Nenni,legislatura02,no
Carmen_Paola_Zanti,legislatura04,no
Carmen_Paola_Zanti,legislatura05,no
Piera_Bonetti,legislatura08,no
Piera_Bonetti,legislatura09,no
Paola_Buttazzoni,legislatura08,no
Lucia_Cominato,legislatura08,no
Lucia_Cominato,legislatura09,no
Rosalba_Molineri,legislatura08,no
Maria_Santa_Piccoli,legislatura08,no
Ivanne_Trebbi,legislatura08,no
Ivanne_Trebbi,legislatura09,no
Carla_Gravina,legislatura08,no
Rosella_Palmini,legislatura08,no
Rosella_Palmini,legislatura09,no
Maria_Chiara_Rosso,legislatura08,no
Malgari_Amadei,legislatura09,no
Maria_Teresa_Di_Lascia,legislatura09,no
Giulietta_Fibbi,legislatura04,no
Giulietta_Fibbi,legislatura05,no
Giulietta_Fibbi,legislatura06,no
Luciana_Fittaioli,legislatura01,no
Erisia_Gennai_Tonietti,legislatura01,no
Erisia_Gennai_Tonietti,legislatura02,no
Erisia_Gennai_Tonietti,legislatura03,no
Erisia_Gennai_Tonietti,legislatura04,no
Nella_Marcellino_Colombi,legislatura01,no
Maddalena_Perquis_Moretti,legislatura07,no
Susanna_Agnelli,legislatura07,no
Susanna_Agnelli,legislatura08,no
Elisabetta_Rampi,legislatura15,no
Elisabetta_Rampi,legislatura16,no
Silvana_Mura,legislatura15,no
Silvana_Mura,legislatura16,no
Elisabetta_Gardini,legislatura15,no
Elisabetta_Gardini,legislatura16,no
Elisabetta_Gardini,legislatura19,no
Teresa_Bellanova,legislatura15,no
Teresa_Bellanova,legislatura16,no
Teresa_Bellanova,legislatura17,no
Donatella_Duranti,legislatura15,no
Donatella_Duranti,legislatura17,no
Paola_Pelino,legislatura15,no
Paola_Pelino,legislatura16,no
Donatella_Poretti,legislatura15,no
Rosalba_Cesini,legislatura15,no
Fiorella_Ceccacci,legislatura15,no
Fiorella_Ceccacci,legislatura16,no
Giorgia_Meloni,legislatura15,no
Giorgia_Meloni,legislatura16,no
Giorgia_Meloni,legislatura17,no
Giorgia_Meloni,legislatura18,no
Giorgia_Meloni,legislatura19,no
Lucia_Codurelli,legislatura15,no
Lucia_Codurelli,legislatura16,no
Michaela_Biancofiore,legislatura15,no
Michaela_Biancofiore,legislatura16,no
Michaela_Biancofiore,legislatura17,no
Michaela_Biancofiore,legislatura18,no
Mariella_Bocciardo,legislatura15,no
Mariella_Bocciardo,legislatura16,no
Giustina_Mistrello,legislatura15,no
Giustina_Mistrello,legislatura16,no
Laura_Molteni,legislatura16,no
Erica_Rivolta,legislatura16,no
Beatrice_Lorenzin,legislatura16,no
Beatrice_Lorenzin,legislatura17,no
Beatrice_Lorenzin,legislatura18,no
Manuela_Lanzarin,legislatura16,no
Emanuela_Munerato,legislatura16,no
Anna_Margherita_Miotto,legislatura16,no
Anna_Margherita_Miotto,legislatura17,no
Daniela_Sbrollini,legislatura16,no
Daniela_Sbrollini,legislatura17,no
Anna_Sanna,legislatura10,no
Anna_Sanna,legislatura11,no
Gianna_Serra,legislatura10,no
Gianna_Serra,legislatura11,no
Giovanna_Maria_Tealdi,legislatura10,no
Giovanna_Maria_Tealdi,legislatura11,no
Livia_Turco,legislatura10,no
Livia_Turco,legislatura11,no
Livia_Turco,legislatura12,no
Livia_Turco,legislatura13,no
Livia_Turco,legislatura14,no
Livia_Turco,legislatura16,no
Elisabetta_Bertotti,legislatura11,no
Elisabetta_Bertotti,legislatura12,no
Maura_Camoirano,legislatura11,no
Maura_Camoirano,legislatura12,no
Maura_Camoirano,legislatura13,no
Alda_Grassi,legislatura11,no
Tiziana_Maiolo,legislatura11,no
Tiziana_Maiolo,legislatura12,no
Tiziana_Maiolo,legislatura13,no
Alfonsina_Rinaldi,legislatura11,no
Alfonsina_Rinaldi,legislatura12,no
Adriana_Lodi,legislatura10,no
Adriana_Lodi,legislatura05,no
Adriana_Lodi,legislatura06,no
Adriana_Lodi,legislatura07,no
Adriana_Lodi,legislatura08,no
Adriana_Lodi,legislatura09,no
Angela_Bellei_Trenti,legislatura12,no
Emanuela_Cabrini,legislatura12,no
Mariella_Maria_Rita_Cavanna_Scirea,legislatura12,no
Mariella_Maria_Rita_Cavanna_Scirea,legislatura13,no
Francesca_Chiavacci,legislatura12,no
Francesca_Chiavacci,legislatura13,no
Elena_Emma_Cordoni,legislatura12,no
Elena_Emma_Cordoni,legislatura13,no
Elena_Emma_Cordoni,legislatura14,no
Elena_Emma_Cordoni,legislatura15,no
Daniela_Lauber,legislatura12,no
Rosaria_Lopedote,legislatura12,no
Maria_Mafai,legislatura12,no
Paola_Manzini,legislatura12,no
Paola_Manzini,legislatura13,no
Paola_Manzini,legislatura14,no
Paola_Mariani,legislatura12,no
Paola_Mariani,legislatura13,no
Paola_Mariani,legislatura14,no
Delia_Murer,legislatura16,no
Delia_Murer,legislatura17,no
Donella_Mattesini,legislatura16,no
Marialuisa_Gnecchi,legislatura16,no
Marialuisa_Gnecchi,legislatura17,no
Consolata_Golfo,legislatura16,no
Barbara_Saltamartini,legislatura16,no
Barbara_Saltamartini,legislatura17,no
Barbara_Saltamartini,legislatura18,no
Rita_Bernardini,legislatura16,no
Maria_Antonietta_Farina,legislatura16,no
Susanna_Cenni,legislatura16,no
Susanna_Cenni,legislatura17,no
Susanna_Cenni,legislatura18,no
Mariarosaria_Rossi,legislatura16,no
Giovanna_Negro,legislatura16,no
Maria_Antezza,legislatura17,no
Franca_Maria_Grazia_Biondelli,legislatura17,no
Tamara_Blazina,legislatura17,no
Tea_Albini,legislatura16,no
Tea_Albini,legislatura17,no
Sabina_Fabi,legislatura16,no
Tatiana_Basilio,legislatura17,no
Laura_Castelli,legislatura17,no
Laura_Castelli,legislatura18,no
Eleonora_Bechis,legislatura17,no
Marina_Berlinghieri,legislatura17,no
Marina_Berlinghieri,legislatura18,no
Gessica_Rostellato,legislatura17,no
Giovanna_Martelli,legislatura17,no
Floriana_Casellato,legislatura17,no
Sandra_Savino,legislatura17,no
Sandra_Savino,legislatura18,no
Roberta_Oliaro,legislatura17,no
Patrizia_Maestri,legislatura17,no
Maria_Valentina_Vezzali,legislatura17,no
Renata_Polverini,legislatura17,no
Renata_Polverini,legislatura18,no
Federica_Daga,legislatura17,no
Federica_Daga,legislatura18,no
Carla_Ruocco,legislatura17,no
Carla_Ruocco,legislatura18,no
Micaela_Campana,legislatura17,no
Micaela_Campana,legislatura18,no
Monica_Gregori,legislatura17,no
Vega_Colonnese,legislatura17,no
Cecilia_Ventricelli,legislatura17,no
Silvia_Giordano,legislatura17,no
Elisa_Mariano,legislatura17,no
Vanna_Iori,legislatura17,no
Irene_Tinagli,legislatura17,no
Chiara_Gribaudo,legislatura17,no
Chiara_Gribaudo,legislatura19,no
Chiara_Gribaudo,legislatura18,no
Emanuela_Corda,legislatura17,no
Emanuela_Corda,legislatura18,no
Chiara_Di_Benedetto,legislatura17,no
Azzurra_Pia_Maria_Cancelleri,legislatura17,no
Azzurra_Pia_Maria_Cancelleri,legislatura18,no
Luisella_Albanella,legislatura17,no
Rosanna_Scopelliti,legislatura17,no
Martina_Nardi,legislatura17,no
Martina_Nardi,legislatura18,no
Daniela_Matilde_Maria_Gasparini,legislatura17,no
Renata_Bueno,legislatura17,no
Angela_Nissoli,legislatura17,no
Angela_Nissoli,legislatura18,no
Maria_Iacono,legislatura17,no
Maruzza_Astolfi,legislatura04,no
Maruzza_Astolfi,legislatura06,no
Franca_Maria_Marino_Buccellato,legislatura12,no
Maria_Cristina_Matranga,legislatura12,no
Maria_Cristina_Matranga,legislatura13,no
Rosanna_Moroni,legislatura12,no
Rosanna_Moroni,legislatura13,no
Maria_Gabriella_Pinto,legislatura12,no
Maria_Gabriella_Pinto,legislatura14,no
Elisa_Pozza_Tasca,legislatura12,no
Elisa_Pozza_Tasca,legislatura13,no
Antonietta_Rizza,legislatura12,no
Antonietta_Rizza,legislatura13,no
Tomasa_Salvo,legislatura12,no
Giuseppina_Servodio,legislatura12,no
Giuseppina_Servodio,legislatura13,no
Giuseppina_Servodio,legislatura15,no
Giuseppina_Servodio,legislatura16,no
Carla_Stampacchia,legislatura12,no
Rosa_Stanisci,legislatura12,no
Rosa_Stanisci,legislatura13,no
Antonietta_Vascon,legislatura12,no
Tiziana_Valpiana,legislatura12,no
Tiziana_Valpiana,legislatura13,no
Tiziana_Valpiana,legislatura14,no
Ombretta_Comelli,legislatura12,no
Patrizia_Toia,legislatura12,no
Maria_Agostina_Pellegatta,legislatura06,no
Maria_Agostina_Pellegatta,legislatura07,no
Elena_Ciapusci,legislatura13,no
Argia_Valeria_Albanese,legislatura13,no
Franca_Gambato,legislatura13,no
Assunta_Malavenda,legislatura13,no
Daniela_Santandrea,legislatura13,no
Emiliana_Santoli,legislatura13,no
Marisa_Abbondanzieri,legislatura13,no
Marisa_Abbondanzieri,legislatura14,no
Luciana_Sgarbi_Bompani,legislatura05,no
Luciana_Sgarbi_Bompani,legislatura06,no
Renata_Talassi_Giorgi,legislatura06,no
Emilia_Calini,legislatura11,no
Maria_Alessi,legislatura03,no
Maria_Alessi,legislatura04,no
Maria_Badaloni,legislatura02,no
Maria_Badaloni,legislatura03,no
Maria_Badaloni,legislatura04,no
Maria_Badaloni,legislatura05,no
Ernesta_Belussi,legislatura06,no
Ernesta_Belussi,legislatura07,no
Ernesta_Belussi,legislatura08,no
Adele_Bei,legislatura costituente,no
Adele_Bei,legislatura02,no
Adele_Bei,legislatura03,no
Maria_Bernetic,legislatura04,no
Maria_Bianchi,legislatura02,no
Margherita_Bontade,legislatura01,no
Margherita_Bontade,legislatura02,no
Margherita_Bontade,legislatura03,no
Margherita_Bontade,legislatura04,no
Gina_Borellini,legislatura01,no
Gina_Borellini,legislatura02,no
Gina_Borellini,legislatura03,no
Laura_Diaz,legislatura01,no
Laura_Diaz,legislatura02,no
Laura_Diaz,legislatura03,no
Laura_Diaz,legislatura04,no
Gisella_Floreanini,legislatura01,no
Gisella_Floreanini,legislatura02,no
Nadia_Gallico,legislatura costituente,no
Nadia_Gallico,legislatura01,no
Nadia_Gallico,legislatura02,no
Nives_Gessi,legislatura04,no
Nives_Gessi,legislatura05,no
Pia_Lombardi,legislatura01,no
Ines_Boffardi,legislatura05,no
Ines_Boffardi,legislatura06,no
Ines_Boffardi,legislatura07,no
Ines_Boffardi,legislatura08,no
Angelina_Merlin,legislatura costituente,no
Angelina_Merlin,legislatura03,no
Rita_Montagnana,legislatura costituente,no
Maria_Nicotra,legislatura costituente,no
Maria_Nicotra,legislatura01,no
Teresa_Noce,legislatura costituente,no
Teresa_Noce,legislatura01,no
Teresa_Noce,legislatura02,no
Elettra_Pollastrini,legislatura costituente,no
Elettra_Pollastrini,legislatura01,no
Elettra_Pollastrini,legislatura02,no
Camilla_Ravera,legislatura01,no
Camilla_Ravera,legislatura02,no
Giuseppina_Re,legislatura01,no
Giuseppina_Re,legislatura03,no
Giuseppina_Re,legislatura04,no
Giuseppina_Re,legislatura05,no
Vittoria_Baldino,legislatura19,no
Vittoria_Baldino,legislatura18,no
Monica_Ciaburro,legislatura19,no
Monica_Ciaburro,legislatura18,no
Pasqua_L'abbate,legislatura19,no
Elena_Bonetti,legislatura19,no
Vannia_Gava,legislatura19,no
Vannia_Gava,legislatura18,no
Rita_Dalla_Chiesa,legislatura19,no
Federica_Onori,legislatura19,no
Carmela_Di_Lauro,legislatura19,no
Carmela_Di_Lauro,legislatura18,no
Daniela_Morfino,legislatura19,no
Rachele_Silvestri,legislatura19,no
Rachele_Silvestri,legislatura18,no
Barbara_Polo,legislatura19,no
Tiziana_Nisini,legislatura19,no
Immacolata_Zurzolo,legislatura19,no
Silvana_Snider,legislatura18,no
Anna_Maria_Carloni,legislatura17,no
Sara_Foscolo,legislatura18,no
Rosalba_De_Giorgi,legislatura18,no
Francesca_Anna_Ruggiero,legislatura18,no
Iolanda_Di_Stasio,legislatura18,no
Sabrina_De_Carlo,legislatura18,no
Sara_De_Angelis,legislatura18,no
Carmela_Grippa,legislatura18,no
Elisabetta_Ripani,legislatura18,no
Carla_Cantone,legislatura18,no
Doriana_Sarli,legislatura18,no
Silvana_Nappi,legislatura18,no
Carla_Giuliano,legislatura18,no
Carla_Giuliano,legislatura19,no
Erica_Mazzetti,legislatura18,no
Erica_Mazzetti,legislatura19,no
Maria_Soave_Alemanno,legislatura18,no
Emanuela_Claudia_Del_Re,legislatura18,no
Teresa_Manzo,legislatura18,no
Laura_Cavandoli,legislatura18,no
Laura_Cavandoli,legislatura19,no
Antonella_Papiro,legislatura18,no
Raffaella_Paita,legislatura18,no
Marica_Fantuz,legislatura18,no
Giuseppina_Versace,legislatura18,no
Cristina_Patelli,legislatura18,no
Ketty_Fogliani,legislatura18,no
Maria_Cristina_Caretta,legislatura18,no
Maria_Cristina_Caretta,legislatura19,no
Eva_Lorenzoni,legislatura18,no
Arianna_Lazzarini,legislatura18,no
Arianna_Lazzarini,legislatura19,no
Daniela_Ruffino,legislatura18,no
Daniela_Ruffino,legislatura19,no
Patrizia_Marrocco,legislatura18,no
Patrizia_Marrocco,legislatura19,no
Simona_Bordonali,legislatura18,no
Simona_Bordonali,legislatura19,no
Antonietta_Giacometti,legislatura18,no
Anna_Lisa_Baroni,legislatura18,no
Iolanda_Nanni,legislatura18,no
Claudia_Gobbato,legislatura18,no
Stefania_Segnana,legislatura18,no
Vania_Valbusa,legislatura18,no
Celeste_D'arrando,legislatura18,no
Chiara_Tenerini,legislatura19,no
Marina_Marchetto,legislatura19,no
Elisa_Montemagni,legislatura19,no
Chiara_La_Porta,legislatura19,no
Francesca_Ghirra,legislatura19,no
Maria_Grazia_Frijia,legislatura19,no
Maria_Immacolata_Vietri,legislatura19,no
Maria_Cecilia_Guerra,legislatura19,no
Enrica_Alifano,legislatura19,no
Marianna_Ricciardi,legislatura19,no
Laura_Cantini,legislatura18,no
Valentina_La_Terza,legislatura17,no
Tiziana_Piccolo,legislatura18,no
Marina_Romano',legislatura18,no
Emma_Pavanelli,legislatura19,no
Silvia_Barbieri,legislatura10,no
Maria_Teresa_Grosso,legislatura10,no
Elena_Anna_Staller,legislatura10,no
Maria_Taddei,legislatura10,no
Luana_Angeloni,legislatura10,no
Ivana_Pellegatti,legislatura10,no
Luigia_Cordati,legislatura10,no
Luigina_Bernocco,legislatura10,yes
Laura_Conti,legislatura10,yes
Dalila_Nesci,legislatura17,yes
Dalila_Nesci,legislatura18,yes
Cristiana_Muscardini,legislatura16,yes
Cristiana_Muscardini,legislatura09,yes
Annalisa_Diaz,legislatura10,yes
Silvana_Fachin,legislatura10,yes
Mariella_Gramaglia,legislatura10,yes
Bianca_Guidetti_Serra,legislatura10,yes
Giovanbattista_Davoli,legislatura08,yes
Nicoletta_Orlandi,legislatura10,yes
Michela_Di_Biase,legislatura19,yes
Aurelia_Bubisutti,legislatura18,yes
Agata_Lucia_Alma_Cappiello,legislatura10,yes
Gigliola_Lo_Cascio,legislatura10,yes
Alessandra_Cecchetto,legislatura10,yes
Simona_Bonafe',legislatura17,yes
Simona_Bonafe',legislatura19,yes
Maria_Maddalena_Rossi,legislatura costituente,yes
Maria_Maddalena_Rossi,legislatura01,yes
Maria_Maddalena_Rossi,legislatura02,yes
Maria_Maddalena_Rossi,legislatura03,yes
Maria_Jervolino,legislatura costituente,yes
Maria_Jervolino,legislatura01,yes
Maria_Jervolino,legislatura02,yes
Maria_Jervolino,legislatura03,yes
Emma_Bonino,legislatura10,yes
Emma_Bonino,legislatura11,yes
Emma_Bonino,legislatura12,yes
Emma_Bonino,legislatura15,yes
Emma_Bonino,legislatura07,yes
Emma_Bonino,legislatura08,yes
Emma_Bonino,legislatura09,yes
Luciana_Castellina,legislatura11,yes
Luciana_Castellina,legislatura07,yes
Luciana_Castellina,legislatura08,yes
Luciana_Castellina,legislatura09,yes
Paola_Cavigliasso,legislatura10,yes
Paola_Cavigliasso,legislatura07,yes
Paola_Cavigliasso,legislatura08,yes
Paola_Cavigliasso,legislatura09,yes
Adele_Faccio,legislatura10,yes
Adele_Faccio,legislatura07,yes
Adele_Faccio,legislatura08,yes
Teresa_Mattei,legislatura costituente,yes
Angiola_Minella,legislatura costituente,yes
Angiola_Minella,legislatura01,yes
Angiola_Minella,legislatura03,yes
Margherita_Boniver,legislatura10,yes
Margherita_Boniver,legislatura15,yes
Margherita_Boniver,legislatura16,yes
Carla_Castellani,legislatura14,yes
Carla_Castellani,legislatura15,yes
Carla_Castellani,legislatura16,yes
Edda_Fagni,legislatura10,yes
Edda_Fagni,legislatura09,yes
Maria_Grazia_Siliquini,legislatura15,yes
Maria_Grazia_Siliquini,legislatura16,yes
Mariapia_Garavaglia,legislatura10,yes
Mariapia_Garavaglia,legislatura11,yes
Mariapia_Garavaglia,legislatura08,yes
Mariapia_Garavaglia,legislatura09,yes
Laura_Balbo,legislatura10,yes
Laura_Balbo,legislatura09,yes
Flora_Calvanese,legislatura10,yes
Flora_Calvanese,legislatura09,yes
Adriana_Ceci,legislatura10,yes
Adriana_Ceci,legislatura09,yes
Vanda_Dignani,legislatura10,yes
Vanda_Dignani,legislatura09,yes
Laura_Fincato,legislatura10,yes
Laura_Fincato,legislatura11,yes
Laura_Fincato,legislatura15,yes
Laura_Fincato,legislatura09,yes
Bianca_Gelli,legislatura10,yes
Bianca_Gelli,legislatura09,yes
Anna_Nenna,legislatura10,yes
Anna_Nenna,legislatura11,yes
Anna_Nenna,legislatura09,yes
Anna_Maria_Nucci,legislatura10,yes
Anna_Maria_Nucci,legislatura11,yes
Anna_Maria_Nucci,legislatura09,yes
Adriana_Poli_Bortone,legislatura10,yes
Adriana_Poli_Bortone,legislatura11,yes
Adriana_Poli_Bortone,legislatura12,yes
Adriana_Poli_Bortone,legislatura13,yes
Adriana_Poli_Bortone,legislatura09,yes
Silvia_Costa,legislatura10,yes
Silvia_Costa,legislatura11,yes
Silvia_Costa,legislatura09,yes
Elisabetta_Conci,legislatura costituente,yes
Elisabetta_Conci,legislatura01,yes
Elisabetta_Conci,legislatura02,yes
Elisabetta_Conci,legislatura03,yes
Elisabetta_Conci,legislatura04,yes
Tina_Anselmi,legislatura10,yes
Tina_Anselmi,legislatura05,yes
Tina_Anselmi,legislatura06,yes
Tina_Anselmi,legislatura07,yes
Tina_Anselmi,legislatura08,yes
Tina_Anselmi,legislatura09,yes
Carole_Jane_Beebe,legislatura10,yes
Carole_Jane_Beebe,legislatura11,yes
Carole_Jane_Beebe,legislatura12,yes
Laura_Cima,legislatura10,yes
Laura_Cima,legislatura14,yes
Anna_Finocchiaro,legislatura10,yes
Anna_Finocchiaro,legislatura11,yes
Anna_Finocchiaro,legislatura12,yes
Anna_Finocchiaro,legislatura13,yes
Anna_Finocchiaro,legislatura14,yes
Lucia_Fronza,legislatura10,yes
Lucia_Fronza,legislatura11,yes
Battistina_Fumagalli_Carulli,legislatura10,yes
Battistina_Fumagalli_Carulli,legislatura11,yes
Battistina_Fumagalli_Carulli,legislatura12,yes
Maria_Rita_Lorenzetti,legislatura10,yes
Maria_Rita_Lorenzetti,legislatura11,yes
Maria_Rita_Lorenzetti,legislatura12,yes
Maria_Rita_Lorenzetti,legislatura13,yes
Nadia_Masini,legislatura10,yes
Nadia_Masini,legislatura11,yes
Nadia_Masini,legislatura12,yes
Katia_Bellillo,legislatura14,yes
Katia_Bellillo,legislatura15,yes
Anna_Maria_Leone,legislatura14,yes
Francesca_Martini,legislatura14,yes
Francesca_Martini,legislatura16,yes
Carmen_Motta,legislatura14,yes
Carmen_Motta,legislatura15,yes
Carmen_Motta,legislatura16,yes
Dorina_Bianchi,legislatura14,yes
Dorina_Bianchi,legislatura15,yes
Dorina_Bianchi,legislatura17,yes
Franca_Bimbi,legislatura14,yes
Franca_Bimbi,legislatura15,yes
Raffaella_Mariani,legislatura14,yes
Raffaella_Mariani,legislatura15,yes
Raffaella_Mariani,legislatura17,yes
Raffaella_Mariani,legislatura16,yes
Gabriella_Mondello,legislatura14,yes
Gabriella_Mondello,legislatura15,yes
Gabriella_Mondello,legislatura16,yes
Roberta_Pinotti,legislatura14,yes
Roberta_Pinotti,legislatura15,yes
Jole_Santelli,legislatura14,yes
Jole_Santelli,legislatura15,yes
Jole_Santelli,legislatura16,yes
Jole_Santelli,legislatura17,yes
Jole_Santelli,legislatura18,yes
Gabriella_Carlucci,legislatura14,yes
Gabriella_Carlucci,legislatura15,yes
Gabriella_Carlucci,legislatura16,yes
Erminia_Mazzoni,legislatura14,yes
Erminia_Mazzoni,legislatura15,yes
Monica_Stefania_Baldi,legislatura14,yes
Isabella_Bertolini,legislatura14,yes
Isabella_Bertolini,legislatura15,yes
Isabella_Bertolini,legislatura16,yes
Beatrice_Maria_Magnolfi,legislatura14,yes
Silvana_Pisa,legislatura14,yes
Simonetta_Licastro_Scardino,legislatura14,yes
Simonetta_Licastro_Scardino,legislatura15,yes
Carolina_Lussana,legislatura14,yes
Carolina_Lussana,legislatura15,yes
Carolina_Lussana,legislatura16,yes
Chiara_Moroni,legislatura14,yes
Chiara_Moroni,legislatura15,yes
Chiara_Moroni,legislatura16,yes
Patrizia_Paoletti_Tangheroni,legislatura14,yes
Patrizia_Paoletti_Tangheroni,legislatura15,yes
Luana_Zanella,legislatura14,yes
Luana_Zanella,legislatura15,yes
Luana_Zanella,legislatura19,yes
Elettra_Deiana,legislatura14,yes
Elettra_Deiana,legislatura15,yes
Giuliana_Reduzzi,legislatura14,yes
Alba_Sasso,legislatura14,yes
Alba_Sasso,legislatura15,yes
Osvalda_Trupia,legislatura11,yes
Osvalda_Trupia,legislatura14,yes
Osvalda_Trupia,legislatura15,yes
Cinzia_Dato,legislatura15,yes
Daniela_Mazzuconi,legislatura10,yes
Daniela_Mazzuconi,legislatura11,yes
Daniela_Garnero_Santanche',legislatura14,yes
Daniela_Garnero_Santanche',legislatura15,yes
Daniela_Garnero_Santanche',legislatura17,yes
Amalia_Schirru,legislatura15,yes
Amalia_Schirru,legislatura16,yes
Laura_Froner,legislatura15,yes
Laura_Froner,legislatura16,yes
Mariastella_Gelmini,legislatura15,yes
Mariastella_Gelmini,legislatura16,yes
Mariastella_Gelmini,legislatura17,yes
Mariastella_Gelmini,legislatura18,yes
Luisa_Capitanio,legislatura15,yes
Luisa_Capitanio,legislatura16,yes
Paola_Frassinetti,legislatura15,yes
Paola_Frassinetti,legislatura16,yes
Paola_Frassinetti,legislatura19,yes
Paola_Frassinetti,legislatura18,yes
Laura_Ravetto,legislatura15,yes
Laura_Ravetto,legislatura16,yes
Laura_Ravetto,legislatura17,yes
Laura_Ravetto,legislatura19,yes
Laura_Ravetto,legislatura18,yes
Linda_Lanzillotta,legislatura15,yes
Linda_Lanzillotta,legislatura16,yes
Rosalba_Benzoni,legislatura15,yes
Maria_Paola_Merloni,legislatura15,yes
Maria_Paola_Merloni,legislatura16,yes
Donata_Lenzi,legislatura15,yes
Donata_Lenzi,legislatura16,yes
Donata_Lenzi,legislatura17,yes
Manuela_Ghizzoni,legislatura15,yes
Manuela_Ghizzoni,legislatura16,yes
Manuela_Ghizzoni,legislatura17,yes
Maria_Ida_Germontani,legislatura15,yes
Silvia_Velo,legislatura15,yes
Silvia_Velo,legislatura16,yes
Silvia_Velo,legislatura17,yes
Mariza_Antonietta_Giuditta_Bafile,legislatura15,yes
Rosa_Suppa,legislatura15,yes
Mercedes_Lourdes_Frias,legislatura15,yes
Maria_Cristina_Perugia,legislatura15,yes
Giulia_Bongiorno,legislatura15,yes
Giulia_Bongiorno,legislatura16,yes
Maria_Laura_Paxia,legislatura18,yes
Vita_Martinciglio,legislatura18,yes
Roberta_Alaimo,legislatura18,yes
Mara_Lapia,legislatura18,yes
Vittoria_Casa,legislatura18,yes
Mirella_Emiliozzi,legislatura18,yes
Patrizia_Terzoni,legislatura18,yes
Patrizia_Terzoni,legislatura17,yes
Simona_Suriano,legislatura18,yes
Giulia_Grillo,legislatura18,yes
Giulia_Grillo,legislatura17,yes
Piera_Aiello,legislatura18,yes
Emanuela_Savio,legislatura02,yes
Emanuela_Savio,legislatura03,yes
Emanuela_Savio,legislatura04,yes
Emanuela_Savio,legislatura05,yes
Gigliola_Valandro,legislatura01,yes
Gigliola_Valandro,legislatura02,yes
Luciana_Viviani,legislatura01,yes
Luciana_Viviani,legislatura02,yes
Luciana_Viviani,legislatura03,yes
Luciana_Viviani,legislatura04,yes
Maria_Luisa_Cassanmagnago,legislatura06,yes
Maria_Luisa_Cassanmagnago,legislatura07,yes
Maria_Immacolata_Barbarossa,legislatura07,yes
Maria_Immacolata_Barbarossa,legislatura08,yes
Ivana_Bernini_Lavezzo,legislatura07,yes
Giovanna_Bosi,legislatura07,yes
Giovanna_Bosi,legislatura08,yes
Giovanna_Bosi,legislatura09,yes
Rosanna_Branciforti,legislatura07,yes
Rosanna_Branciforti,legislatura08,yes
Maria_Teresa_Carloni,legislatura07,yes
Maria_Teresa_Carloni,legislatura08,yes
Giancarla_Codrignani,legislatura07,yes
Giancarla_Codrignani,legislatura08,yes
Giancarla_Codrignani,legislatura09,yes
Giannina_Cattaneo,legislatura04,yes
Giannina_Cattaneo,legislatura05,yes
Giannina_Cattaneo,legislatura06,yes
Maria_Teresa_Granati,legislatura07,yes
Maria_Teresa_Granati,legislatura08,yes
Maria_Teresa_Granati,legislatura09,yes
Francesca_Lodolini,legislatura07,yes
Francesca_Lodolini,legislatura08,yes
Vanda_Milano,legislatura07,yes
Carla_Federica_Nespolo,legislatura07,yes
Carla_Federica_Nespolo,legislatura08,yes
Morena_Amabile_Pagliai,legislatura07,yes
Morena_Amabile_Pagliai,legislatura08,yes
Adriana_Palomby,legislatura07,yes
Cristina_Papa,legislatura07,yes
Maria_Augusta_Pecchia,legislatura07,yes
Maria_Augusta_Pecchia,legislatura08,yes
Vittoria_Quarenghi,legislatura07,yes
Vittoria_Quarenghi,legislatura08,yes
Vittoria_Quarenghi,legislatura09,yes
Alba_Scaramucci,legislatura07,yes
Alba_Scaramucci,legislatura08,yes
Alba_Scaramucci,legislatura09,yes
Alessandra_Vaccaro_Melucco,legislatura07,yes
Ida_D'este,legislatura01,yes
Ida_D'este,legislatura02,yes
Maria_Giulia_Cocco,legislatura03,yes
Maria_Giulia_Cocco,legislatura04,yes
Maria_Giulia_Cocco,legislatura05,yes
Maria_Giulia_Cocco,legislatura06,yes
Angiola_Maria_Costa_Massucco,legislatura04,yes
Maria_Pia_Dal_Canton,legislatura01,yes
Maria_Pia_Dal_Canton,legislatura02,yes
Maria_Pia_Dal_Canton,legislatura03,yes
Maria_Pia_Dal_Canton,legislatura04,yes
Elena_Gatti_Caporaso,legislatura02,yes
Grazia_Giuntoli,legislatura01,yes
Rossana_Rossanda,legislatura04,yes
Ersilia_Salvato,legislatura07,yes
Ersilia_Salvato,legislatura08,yes
Maria_Luisa_Galli,legislatura07,yes
Maria_Luisa_Galli,legislatura08,yes
Marcella_Balconi,legislatura04,yes
Aurelia_Benco,legislatura08,yes
Anna_Maria_Castelli,legislatura08,yes
Valentina_Lanfranchi,legislatura08,yes
Valentina_Lanfranchi,legislatura09,yes
Maria_Antonietta_Macciocchi,legislatura05,yes
Maria_Antonietta_Macciocchi,legislatura08,yes
Vera_Squarcialupi_Giuffrida,legislatura08,yes
Anna_Maria_Vietti,legislatura08,yes
Licia_Badesi,legislatura09,yes
Giovanna_Bochicchio,legislatura09,yes
Adriana_Fabbri,legislatura06,yes
Adriana_Fabbri,legislatura07,yes
Adriana_Fabbri,legislatura08,yes
Adriana_Fabbri,legislatura09,yes
Mary_Chiesa_Tibaldi,legislatura01,yes
Lina_Cecchini,legislatura01,yes
Gina_Martini_Fanoli,legislatura01,yes
Maria_Pucci,legislatura01,yes
Maria_Rosaria_Carfagna,legislatura15,yes
Maria_Rosaria_Carfagna,legislatura16,yes
Maria_Rosaria_Carfagna,legislatura17,yes
Maria_Rosaria_Carfagna,legislatura19,yes
Maria_Rosaria_Carfagna,legislatura18,yes
Giulia_Cosenza,legislatura15,yes
Giulia_Cosenza,legislatura16,yes
Maria_Leddi,legislatura15,yes
Cinzia_Maria_Fontana,legislatura15,yes
Cinzia_Maria_Fontana,legislatura17,yes
Angela_Filipponio,legislatura15,yes
Maria_Fortuna_Incostante,legislatura15,yes
Giuseppina_Castiello,legislatura15,yes
Giuseppina_Castiello,legislatura16,yes
Giuseppina_Castiello,legislatura17,yes
Giuseppina_Castiello,legislatura18,yes
Teresa_Maria_Di_Salvo,legislatura15,yes
Teresa_Maria_Di_Salvo,legislatura17,yes
Paola_Goisis,legislatura15,yes
Paola_Goisis,legislatura16,yes
Grazia_Carla_Francescato,legislatura15,yes
Daniela_Dioguardi,legislatura15,yes
Angela_Lombardi,legislatura15,yes
Maria_Samperi,legislatura15,yes
Maria_Samperi,legislatura16,yes
Anna_Teresa_Formisano,legislatura15,yes
Anna_Teresa_Formisano,legislatura16,yes
Patrizia_Sentinelli,legislatura15,yes
Donatella_Mungo,legislatura15,yes
Maria_Letizia_De_Torre,legislatura15,yes
Maria_Letizia_De_Torre,legislatura16,yes
Sandra_Cioffi,legislatura15,yes
Sabina_Siniscalchi,legislatura15,yes
Cayetana_De_Zulueta_Owtram,legislatura15,yes
Federica_Rossi,legislatura15,yes
Maria_Grazia_Lagana',legislatura15,yes
Maria_Grazia_Lagana',legislatura16,yes
Paola_Binetti,legislatura16,yes
Paola_Binetti,legislatura17,yes
Sabina_Rossa,legislatura16,yes
Simonetta_Rubinato,legislatura16,yes
Simonetta_Rubinato,legislatura17,yes
Rosa_Maria_Villecco,legislatura16,yes
Rosa_Maria_Villecco,legislatura17,yes
Daniela_Melchiorre,legislatura16,yes
Anna_Maria_Cardano,legislatura15,yes
Paola_Balducci,legislatura15,yes
Alessia_Maria_Mosca,legislatura16,yes
Alessia_Maria_Mosca,legislatura17,yes
Eugenia_Maria_Roccella,legislatura16,yes
Eugenia_Maria_Roccella,legislatura17,yes
Eugenia_Maria_Roccella,legislatura19,yes
Donatella_Ferranti,legislatura16,yes
Donatella_Ferranti,legislatura17,yes
Chiara_Braga,legislatura16,yes
Chiara_Braga,legislatura17,yes
Chiara_Braga,legislatura19,yes
Chiara_Braga,legislatura18,yes
Silvana_Andreina_Comaroli,legislatura16,yes
Silvana_Andreina_Comaroli,legislatura18,yes
Silvana_Andreina_Comaroli,legislatura19,yes
Fiamma_Nirensztejn,legislatura16,yes
Manuela_Repetti,legislatura16,yes
Anna_Rossomando,legislatura16,yes
Anna_Rossomando,legislatura17,yes
Melania_De_Nichilo,legislatura16,yes
Nunzia_De_Girolamo,legislatura16,yes
Nunzia_De_Girolamo,legislatura17,yes
Maria_Anna_Madia,legislatura16,yes
Maria_Anna_Madia,legislatura17,yes
Maria_Anna_Madia,legislatura19,yes
Maria_Anna_Madia,legislatura18,yes
Ileana_Argentin,legislatura16,yes
Ileana_Argentin,legislatura17,yes
Maria_Coscia,legislatura16,yes
Maria_Coscia,legislatura17,yes
Giuseppina_Picierno,legislatura16,yes
Giuseppina_Picierno,legislatura17,yes
Luisa_Bossa,legislatura16,yes
Luisa_Bossa,legislatura17,yes
Luciana_Pedoto,legislatura16,yes
Manuela_Dal_Lago,legislatura16,yes
Federica_Mogherini,legislatura16,yes
Federica_Mogherini,legislatura17,yes
Maria_Piera_Pastore,legislatura16,yes
Caterina_Pes,legislatura16,yes
Caterina_Pes,legislatura17,yes
Anna_Maria_Bernini,legislatura16,yes
Sabrina_De_Camillis,legislatura16,yes
Sandra_Zampa,legislatura16,yes
Sandra_Zampa,legislatura17,yes
Elisa_Marchioni,legislatura16,yes
Paola_De_Micheli,legislatura16,yes
Paola_De_Micheli,legislatura17,yes
Paola_De_Micheli,legislatura19,yes
Paola_De_Micheli,legislatura18,yes
Annamaria_Procacci,legislatura10,yes
Annamaria_Procacci,legislatura12,yes
Annamaria_Procacci,legislatura13,yes
Maria_Luisa_Sangiorgio,legislatura10,yes
Maria_Luisa_Sangiorgio,legislatura11,yes
Anna_Maria_Serafini,legislatura10,yes
Anna_Maria_Serafini,legislatura11,yes
Anna_Maria_Serafini,legislatura12,yes
Anna_Maria_Serafini,legislatura13,yes
Leonilde_Iotti,legislatura costituente,yes
Leonilde_Iotti,legislatura10,yes
Leonilde_Iotti,legislatura11,yes
Leonilde_Iotti,legislatura12,yes
Leonilde_Iotti,legislatura13,yes
Leonilde_Iotti,legislatura01,yes
Leonilde_Iotti,legislatura02,yes
Leonilde_Iotti,legislatura03,yes
Leonilde_Iotti,legislatura04,yes
Leonilde_Iotti,legislatura05,yes
Leonilde_Iotti,legislatura06,yes
Leonilde_Iotti,legislatura07,yes
Leonilde_Iotti,legislatura08,yes
Leonilde_Iotti,legislatura09,yes
Anna_Maria_Biricotti,legislatura11,yes
Anna_Maria_Biricotti,legislatura12,yes
Anna_Maria_Biricotti,legislatura13,yes
Marida_Bolognesi,legislatura11,yes
Marida_Bolognesi,legislatura12,yes
Marida_Bolognesi,legislatura13,yes
Marida_Bolognesi,legislatura14,yes
Maria_Simona_Dalla_Chiesa,legislatura11,yes
Maria_Simona_Dalla_Chiesa,legislatura12,yes
Chiara_Ingrao,legislatura11,yes
Claudia_Mancina,legislatura11,yes
Claudia_Mancina,legislatura13,yes
Mariella_Mazzetto,legislatura11,yes
Mariella_Mazzetto,legislatura12,yes
Maria_Moioli,legislatura11,yes
Maria_Moioli,legislatura12,yes
Alessandra_Mussolini,legislatura11,yes
Alessandra_Mussolini,legislatura12,yes
Alessandra_Mussolini,legislatura13,yes
Alessandra_Mussolini,legislatura14,yes
Alessandra_Mussolini,legislatura16,yes
Irene_Pivetti,legislatura11,yes
Irene_Pivetti,legislatura12,yes
Irene_Pivetti,legislatura13,yes
Barbara_Maria_Simonetta_Pollastrini,legislatura11,yes
Barbara_Maria_Simonetta_Pollastrini,legislatura14,yes
Barbara_Maria_Simonetta_Pollastrini,legislatura15,yes
Barbara_Maria_Simonetta_Pollastrini,legislatura16,yes
Barbara_Maria_Simonetta_Pollastrini,legislatura17,yes
Barbara_Maria_Simonetta_Pollastrini,legislatura18,yes
Maria_Cristina_Rossi,legislatura11,yes
Laura_Rozza,legislatura11,yes
Luciana_Sbarbati,legislatura11,yes
Luciana_Sbarbati,legislatura12,yes
Luciana_Sbarbati,legislatura13,yes
Maria_Grazia_Sestero,legislatura11,yes
Adriana_Vigneri,legislatura11,yes
Adriana_Vigneri,legislatura12,yes
Adriana_Vigneri,legislatura13,yes
Gabriella_Zanferrari,legislatura11,yes
Elisabetta_Simona_Castellazzi,legislatura11,yes
Elisabetta_Simona_Castellazzi,legislatura12,yes
Maria_Teresa_Amici,legislatura12,yes
Maria_Teresa_Amici,legislatura14,yes
Maria_Teresa_Amici,legislatura15,yes
Maria_Teresa_Amici,legislatura16,yes
Maria_Teresa_Amici,legislatura17,yes
Valentina_Aprea,legislatura12,yes
Valentina_Aprea,legislatura13,yes
Valentina_Aprea,legislatura14,yes
Valentina_Aprea,legislatura15,yes
Valentina_Aprea,legislatura16,yes
Valentina_Aprea,legislatura18,yes
Fulvia_Bandoli,legislatura12,yes
Fulvia_Bandoli,legislatura13,yes
Fulvia_Bandoli,legislatura14,yes
Fulvia_Bandoli,legislatura15,yes
Adria_Bartolich,legislatura12,yes
Adria_Bartolich,legislatura13,yes
Augusta_Bassi_Lagostena,legislatura12,yes
Diana_Battaggia,legislatura12,yes
Alida_Benetto_Ravetto,legislatura12,yes
Rosaria_Bindi,legislatura12,yes
Rosaria_Bindi,legislatura13,yes
Rosaria_Bindi,legislatura14,yes
Rosaria_Bindi,legislatura15,yes
Rosaria_Bindi,legislatura16,yes
Rosaria_Bindi,legislatura17,yes
Daria_Bonfietti,legislatura12,yes
Alessandra_Bonsanti,legislatura12,yes
Lia_Bracci,legislatura12,yes
Maria_Gloria_Bracci_Marinai,legislatura12,yes
Maria_Burani_Procaccini,legislatura12,yes
Maria_Burani_Procaccini,legislatura13,yes
Maria_Burani_Procaccini,legislatura14,yes
Maria_Anna_Calabretta,legislatura12,yes
Maria_Carazzi,legislatura12,yes
Maria_Carazzi,legislatura13,yes
Fiordelisa_Cartelli,legislatura12,yes
Luisella_Cavallini,legislatura12,yes
Franca_Chiaromonte,legislatura12,yes
Franca_Chiaromonte,legislatura14,yes
Franca_Chiaromonte,legislatura15,yes
Rita_Commisso,legislatura12,yes
Magda_Cornacchione,legislatura12,yes
Alberta_De_Simone,legislatura12,yes
Alberta_De_Simone,legislatura13,yes
Alberta_De_Simone,legislatura14,yes
Simonetta_Maria_Faverio,legislatura12,yes
Luciana_Frosio_Roncalli,legislatura12,yes
Luciana_Frosio_Roncalli,legislatura13,yes
Stefania_Fuscagni,legislatura12,yes
Paola_De_Biase_Gaiotti,legislatura12,yes
Giovanna_Grignaffini,legislatura12,yes
Giovanna_Grignaffini,legislatura13,yes
Giovanna_Grignaffini,legislatura14,yes
Angela_Maria_Marta_Gritta_Grainer,legislatura12,yes
Rosa_Jervolino_Russo,legislatura12,yes
Rosa_Jervolino_Russo,legislatura13,yes
Maria_Lenti,legislatura12,yes
Maria_Lenti,legislatura13,yes
Marianna_Li_Calzi,legislatura12,yes
Marianna_Li_Calzi,legislatura13,yes
Colomba_Mongiello,legislatura17,yes
Elisabetta_Zamparutti,legislatura16,yes
Rosa_De_Pasquale,legislatura16,yes
Maria_Grazia_Gatti,legislatura16,yes
Deborah_Bergamini,legislatura16,yes
Deborah_Bergamini,legislatura17,yes
Deborah_Bergamini,legislatura19,yes
Deborah_Bergamini,legislatura18,yes
Monica_Faenzi,legislatura16,yes
Monica_Faenzi,legislatura17,yes
Alessandra_Siragusa,legislatura16,yes
Daniela_Cardinale,legislatura16,yes
Daniela_Cardinale,legislatura17,yes
Daniela_Cardinale,legislatura18,yes
Elvira_Savino,legislatura16,yes
Elvira_Savino,legislatura17,yes
Elvira_Savino,legislatura18,yes
Souad_Sbai,legislatura16,yes
Barbara_Mannucci,legislatura16,yes
Margherita_Angela_Mastromauro,legislatura16,yes
Cinzia_Capano,legislatura16,yes
Anna_Paola_Concia,legislatura16,yes
Laura_Garavini,legislatura16,yes
Laura_Garavini,legislatura17,yes
Doris_Lo_Moro,legislatura16,yes
Vittoria_D'incecco,legislatura16,yes
Vittoria_D'incecco,legislatura17,yes
Elena_Centemero,legislatura16,yes
Elena_Centemero,legislatura17,yes
Gabriella_Giammanco,legislatura16,yes
Gabriella_Giammanco,legislatura17,yes
Giovanna_Petrenga,legislatura16,yes
Giovanna_Petrenga,legislatura17,yes
Catia_Polidori,legislatura16,yes
Catia_Polidori,legislatura17,yes
Catia_Polidori,legislatura19,yes
Catia_Polidori,legislatura18,yes
Maria_Elena_Stasi,legislatura16,yes
Elena_Maccanti,legislatura16,yes
Elena_Maccanti,legislatura18,yes
Elena_Maccanti,legislatura19,yes
Anita_Di_Giuseppe,legislatura16,yes
Annagrazia_Calabria,legislatura16,yes
Annagrazia_Calabria,legislatura17,yes
Annagrazia_Calabria,legislatura18,yes
Francesca_Cilluffo,legislatura16,yes
Milena_Santerini,legislatura17,yes
Miriam_Cominelli,legislatura17,yes
Silvia_Chimienti,legislatura17,yes
Elena_Carnevali,legislatura17,yes
Elena_Carnevali,legislatura18,yes
Paola_Bragantini,legislatura17,yes
Veronica_Tentori,legislatura17,yes
Maria_Chiara_Gadda,legislatura17,yes
Maria_Chiara_Gadda,legislatura19,yes
Maria_Chiara_Gadda,legislatura18,yes
Francesca_Bonomo,legislatura17,yes
Francesca_Bonomo,legislatura18,yes
Silvia_Fregolent,legislatura17,yes
Silvia_Fregolent,legislatura18,yes
Renate_Gebhard,legislatura17,yes
Renate_Gebhard,legislatura19,yes
Renate_Gebhard,legislatura18,yes
Celestina_Costantino,legislatura17,yes
Francesca_Businarolo,legislatura17,yes
Francesca_Businarolo,legislatura18,yes
Silvia_Benedetti,legislatura17,yes
Silvia_Benedetti,legislatura18,yes
Ilaria_Capua,legislatura17,yes
Chiara_Scuvera,legislatura17,yes
Alessandra_Moretti,legislatura17,yes
Giulia_Narduolo,legislatura17,yes
Alessia_Rotta,legislatura17,yes
Alessia_Rotta,legislatura18,yes
Sara_Moretto,legislatura17,yes
Sara_Moretto,legislatura18,yes
Arianna_Spessotto,legislatura17,yes
Arianna_Spessotto,legislatura18,yes
Gianna_Malisani,legislatura17,yes
Adriana_Eden_Susanna_Galgano,legislatura17,yes
Tiziana_Ciprini,legislatura17,yes
Tiziana_Ciprini,legislatura18,yes
Antonella_Incerti,legislatura17,yes
Antonella_Incerti,legislatura18,yes
Anna_Ascani,legislatura17,yes
Anna_Ascani,legislatura19,yes
Anna_Ascani,legislatura18,yes
Marilena_Fabbri,legislatura17,yes
Anna_Giacobbe,legislatura17,yes
Mara_Carocci,legislatura17,yes
Alessandra_Terrosi,legislatura17,yes
Laura_Venittelli,legislatura17,yes
Laura_Boldrini,legislatura17,yes
Laura_Boldrini,legislatura19,yes
Laura_Boldrini,legislatura18,yes
Mariastella_Bianchi,legislatura17,yes
Irene_Manzi,legislatura17,yes
Irene_Manzi,legislatura19,yes
Alessia_Morani,legislatura17,yes
Alessia_Morani,legislatura18,yes
Donatella_Agostinelli,legislatura17,yes
Marta_Grande,legislatura17,yes
Marta_Grande,legislatura18,yes
Roberta_Lombardi,legislatura17,yes
Marietta_Tidei,legislatura17,yes
Lorenza_Bonaccorsi,legislatura17,yes
Marta_Leonori,legislatura17,yes
Emma_Petitti,legislatura17,yes
Kashetu_Kyenge,legislatura17,yes
Roberta_Agostini,legislatura17,yes
Assunta_Tartaglione,legislatura17,yes
Valeria_Valente,legislatura17,yes
Michela_Rostan,legislatura17,yes
Michela_Rostan,legislatura18,yes
Giovanna_Palma,legislatura17,yes
Vincenza_Labriola,legislatura17,yes
Vincenza_Labriola,legislatura18,yes
Giuditta_Pini,legislatura17,yes
Giuditta_Pini,legislatura18,yes
Laura_Coccia,legislatura17,yes
Valentina_Paris,legislatura17,yes
Sabrina_Capozzolo,legislatura17,yes
Giulia_Sarti,legislatura17,yes
Giulia_Sarti,legislatura18,yes
Mara_Mucci,legislatura17,yes
Maria_Edera_Spadoni,legislatura17,yes
Maria_Edera_Spadoni,legislatura18,yes
Mirella_Liuzzi,legislatura17,yes
Mirella_Liuzzi,legislatura18,yes
Gea_Schiro',legislatura17,yes
Magda_Culotta,legislatura17,yes
Flavia_Piccoli,legislatura17,yes
Flavia_Piccoli,legislatura18,yes
Cristina_Bargero,legislatura17,yes
Teresa_Piccione,legislatura17,yes
Fabiana_Dadone,legislatura17,yes
Fabiana_Dadone,legislatura18,yes
Paola_Pinna,legislatura17,yes
Giulia_Di_Vita,legislatura17,yes
Loredana_Lupo,legislatura17,yes
Romina_Mura,legislatura17,yes
Romina_Mura,legislatura18,yes
Claudia_Mannino,legislatura17,yes
Giovanna_Sanna,legislatura17,yes
Maria_Amato,legislatura17,yes
Chiara_Gagnarli,legislatura17,yes
Chiara_Gagnarli,legislatura18,yes
Maria_Gaetana_Greco,legislatura17,yes
Maria_Chiara_Carrozza,legislatura17,yes
Maria_Tindara_Gullo,legislatura17,yes
Federica_Dieni,legislatura17,yes
Federica_Dieni,legislatura18,yes
Elisa_Simoni,legislatura17,yes
Vincenza_Bruno_Bossio,legislatura17,yes
Vincenza_Bruno_Bossio,legislatura18,yes
Maria_Grazia_Rocchi,legislatura17,yes
Caterina_Bini,legislatura17,yes
Stefania_Covello,legislatura17,yes
Maria_Elena_Boschi,legislatura17,yes
Maria_Elena_Boschi,legislatura19,yes
Maria_Elena_Boschi,legislatura18,yes
Maria_Marzano,legislatura17,yes
Lia_Quartapelle_Procopio,legislatura17,yes
Lia_Quartapelle_Procopio,legislatura19,yes
Lia_Quartapelle_Procopio,legislatura18,yes
Eleonora_Cimbro,legislatura17,yes
Fabrizia_Giuliani,legislatura17,yes
Pia_Elda_Locatelli,legislatura17,yes
Simona_Flavia_Malpezzi,legislatura17,yes
Ilaria_Carla_Anna_Borletti_Dell'acqua,legislatura17,yes
Paola_Carinelli,legislatura17,yes
Paola_Carinelli,legislatura18,yes
Francesca_La_Marca,legislatura17,yes
Francesca_La_Marca,legislatura18,yes
Serena_Pellegrino,legislatura17,yes
Lara_Ricciatti,legislatura17,yes
Ileana_Cathia_Piazzoni,legislatura17,yes
Sofia_Amoddio,legislatura17,yes
Maria_Magnani_Noya,legislatura06,yes
Maria_Magnani_Noya,legislatura07,yes
Maria_Magnani_Noya,legislatura08,yes
Marilena_Marin,legislatura12,yes
Paola_Martinelli,legislatura12,yes
Giovanna_Melandri,legislatura12,yes
Giovanna_Melandri,legislatura13,yes
Giovanna_Melandri,legislatura14,yes
Giovanna_Melandri,legislatura15,yes
Giovanna_Melandri,legislatura16,yes
Angela_Napoli,legislatura12,yes
Angela_Napoli,legislatura13,yes
Angela_Napoli,legislatura14,yes
Angela_Napoli,legislatura15,yes
Angela_Napoli,legislatura16,yes
Maria_Celeste_Nardini,legislatura12,yes
Maria_Celeste_Nardini,legislatura13,yes
Maria_Celeste_Nardini,legislatura14,yes
Magda_Negri,legislatura12,yes
Tiziana_Parenti,legislatura12,yes
Tiziana_Parenti,legislatura13,yes
Laura_Maria_Pennacchi,legislatura12,yes
Laura_Maria_Pennacchi,legislatura13,yes
Laura_Maria_Pennacchi,legislatura14,yes
Maria_Eletta_Martini,legislatura10,yes
Maria_Eletta_Martini,legislatura04,yes
Maria_Eletta_Martini,legislatura05,yes
Maria_Eletta_Martini,legislatura06,yes
Maria_Eletta_Martini,legislatura07,yes
Maria_Eletta_Martini,legislatura08,yes
Gabriella_Pistone,legislatura12,yes
Gabriella_Pistone,legislatura13,yes
Gabriella_Pistone,legislatura14,yes
Roberta_Pizzicara,legislatura12,yes
Stefania_Prestigiacomo,legislatura12,yes
Stefania_Prestigiacomo,legislatura13,yes
Stefania_Prestigiacomo,legislatura14,yes
Stefania_Prestigiacomo,legislatura15,yes
Stefania_Prestigiacomo,legislatura16,yes
Stefania_Prestigiacomo,legislatura17,yes
Stefania_Prestigiacomo,legislatura18,yes
Maria_Concetta_Scoca,legislatura12,yes
Maria_Concetta_Scoca,legislatura13,yes
Franca_Valenti,legislatura12,yes
Sonia_Viale,legislatura12,yes
Angiola_Zilli,legislatura12,yes
Elsa_Giuseppina_Signorino,legislatura12,yes
Elsa_Giuseppina_Signorino,legislatura13,yes
Giuseppa_Mendola,legislatura06,yes
Amalia_Miotti,legislatura04,yes
Amalia_Miotti,legislatura05,yes
Amalia_Miotti,legislatura06,yes
Maria_Chiara_Acciarini,legislatura13,yes
Maria_Teresa_Giovanna_Armosino,legislatura13,yes
Maria_Teresa_Giovanna_Armosino,legislatura14,yes
Maria_Teresa_Giovanna_Armosino,legislatura15,yes
Maria_Teresa_Giovanna_Armosino,legislatura16,yes
Marcella_Lucidi,legislatura13,yes
Marcella_Lucidi,legislatura14,yes
Maria_Pia_Valetto_Bitelli,legislatura13,yes
Giovanna_Bianchi_Clerici,legislatura13,yes
Giovanna_Bianchi_Clerici,legislatura14,yes
Grazia_Luciana_Labate,legislatura13,yes
Grazia_Luciana_Labate,legislatura14,yes
Luisa_Debiasio_Calimani,legislatura13,yes
Antonina_Dedoni,legislatura13,yes
Silvana_Dameri,legislatura13,yes
Silvana_Dameri,legislatura14,yes
Gloria_Buffo,legislatura13,yes
Gloria_Buffo,legislatura14,yes
Gloria_Buffo,legislatura15,yes
Piera_Capitelli,legislatura13,yes
Piera_Capitelli,legislatura14,yes
Sandra_Fei,legislatura13,yes
Francesca_Izzo,legislatura13,yes
Maura_Cossutta,legislatura13,yes
Maura_Cossutta,legislatura14,yes
Ida_D'ippolito,legislatura13,yes
Ida_D'ippolito,legislatura15,yes
Ida_D'ippolito,legislatura16,yes
Grazia_Riga,legislatura06,yes
Grazia_Riga,legislatura07,yes
Eirene_Sbriziolo,legislatura06,yes
Eirene_Sbriziolo,legislatura07,yes
Rosalia_Vagli,legislatura06,yes
Rosalia_Vagli,legislatura07,yes
Rosalia_Vagli,legislatura08,yes
Helga_Thaler,legislatura11,yes
Bianca_Bianchi,legislatura costituente,yes
Bianca_Bianchi,legislatura01,yes
Laura_Bianchini,legislatura costituente,yes
Laura_Bianchini,legislatura01,yes
Irene_Chini_Coccoli,legislatura01,yes
Anna_De_Lauro,legislatura02,yes
Anna_De_Lauro,legislatura03,yes
Filomena_Delli_Castelli,legislatura costituente,yes
Filomena_Delli_Castelli,legislatura01,yes
Filomena_Delli_Castelli,legislatura02,yes
Rosa_Fazio,legislatura01,yes
Maria_Federici,legislatura costituente,yes
Maria_Federici,legislatura01,yes
Jole_Giugni_Lattari,legislatura04,yes
Angela_Gotelli,legislatura costituente,yes
Angela_Gotelli,legislatura01,yes
Angela_Gotelli,legislatura02,yes
Angela_Gotelli,legislatura03,yes
Anna_Nicolosi_Grasso,legislatura02,yes
Anna_Nicolosi_Grasso,legislatura03,yes
Angela_Guidi,legislatura costituente,yes
Angela_Guidi,legislatura01,yes
Giorgina_Levi,legislatura04,yes
Giorgina_Levi,legislatura05,yes
Maria_Vittoria_Mezza,legislatura02,yes
Maria_Vittoria_Mezza,legislatura04,yes
Maria_Vittoria_Mezza,legislatura05,yes
Elsa_Mole',legislatura01,yes
Ada_Natali,legislatura01,yes
Maria_Flavia_Timbro,legislatura18,yes
Maria_Rosa_Sessa,legislatura18,yes
Chiara_Appendino,legislatura19,yes
Giorgia_Andreuzza,legislatura19,yes
Giorgia_Andreuzza,legislatura18,yes
Elisa_Scutella',legislatura19,yes
Elisa_Scutella',legislatura18,yes
Stefania_Ascari,legislatura19,yes
Stefania_Ascari,legislatura18,yes
Naike_Gruppioni,legislatura19,yes
Giulia_Pastorella,legislatura19,yes
Lucrezia_Maria_Benedetta_Mantovani,legislatura19,yes
Lucrezia_Maria_Benedetta_Mantovani,legislatura18,yes
Alice_Buonguerrieri,legislatura19,yes
Elena_Ethel_Schlein,legislatura19,yes
Susanna_Cherchi,legislatura19,yes
Rachele_Scarpa,legislatura19,yes
Gaetana_Russo,legislatura19,yes
Giovanna_Miele,legislatura19,yes
Sara_Ferrari,legislatura19,yes
Matilde_Siracusano,legislatura19,yes
Matilde_Siracusano,legislatura18,yes
Valentina_Grippo,legislatura19,yes
Elisabetta_Piccolotti,legislatura19,yes
Marta_Schifone,legislatura19,yes
Carmela_Auriemma,legislatura19,yes
Paola_Maria_Chiesa,legislatura19,yes
Ylenja_Lucaselli,legislatura19,yes
Ylenja_Lucaselli,legislatura18,yes
Paola_Boldrini,legislatura17,yes
Camilla_Sgambato,legislatura17,yes
Vanessa_Camani,legislatura17,yes
Lucia_Albano,legislatura18,yes
Lucia_Albano,legislatura19,yes
Beatrice_Brignone,legislatura17,yes
Manuela_Gagliardi,legislatura18,yes
Veronica_Zanetti,legislatura17,yes
Angela_Masi,legislatura18,yes
Lucia_Scanu,legislatura18,yes
Benedetta_Fiorini,legislatura18,yes
Elena_Raffaelli,legislatura18,yes
Carmela_Bucalo,legislatura18,yes
Anna_Rita_Tateo,legislatura18,yes
Flora_Frate,legislatura18,yes
Valentina_D'orso,legislatura18,yes
Valentina_D'orso,legislatura19,yes
Simona_Vietina,legislatura18,yes
Debora_Serracchiani,legislatura18,yes
Debora_Serracchiani,legislatura19,yes
Rosalba_Cimino,legislatura18,yes
Valentina_Palmisano,legislatura18,yes
Martina_Parisse,legislatura18,yes
Daniela_Torto,legislatura18,yes
Daniela_Torto,legislatura19,yes
Francesca_Troiano,legislatura18,yes
Concetta_Giordano,legislatura18,yes
Valentina_Corneli,legislatura18,yes
Donatella_Legnaioli,legislatura18,yes
Alessandra_Ermellino,legislatura18,yes
Marialuisa_Faro,legislatura18,yes
Nadia_Aprile,legislatura18,yes
Gilda_Sportiello,legislatura18,yes
Gilda_Sportiello,legislatura19,yes
Maria_Carolina_Varchi,legislatura18,yes
Maria_Carolina_Varchi,legislatura19,yes
Rossella_Muroni,legislatura18,yes
Gloria_Vizzini,legislatura18,yes
Maria_Spena,legislatura18,yes
Francesca_Flati,legislatura18,yes
Paola_Deiana,legislatura18,yes
Giorgia_Latini,legislatura18,yes
Giorgia_Latini,legislatura19,yes
Rosa_Menga,legislatura18,yes
Angela_Salafia,legislatura18,yes
Giuseppina_Occhionero,legislatura18,yes
Angela_Raffa,legislatura18,yes
Angela_Raffa,legislatura19,yes
Alessandra_Carbonaro,legislatura18,yes
Yana_Chiara_Ehm,legislatura18,yes
Caterina_Licatini,legislatura18,yes
Giusi_Bartolozzi,legislatura18,yes
Maria_Teresa_Bellucci,legislatura18,yes
Maria_Teresa_Bellucci,legislatura19,yes
Marta_Antonia_Fascina,legislatura18,yes
Marta_Antonia_Fascina,legislatura19,yes
Rosa_Alba_Testamento,legislatura18,yes
Annaelsa_Tartaglione,legislatura18,yes
Elena_Murelli,legislatura18,yes
Anna_Macina,legislatura18,yes
Rina_De_Lorenzo,legislatura18,yes
Lucia_Ciampi,legislatura18,yes
Francesca_Galizia,legislatura18,yes
Maura_Tomasi,legislatura18,yes
Patrizia_Prestipino,legislatura18,yes
Marzia_Ferraioli,legislatura18,yes
Marianna_Iorio,legislatura18,yes
Angela_Colmellere,legislatura18,yes
Lucia_Annibali,legislatura18,yes
Jessica_Costanzo,legislatura18,yes
Guia_Termini,legislatura18,yes
Federica_Zanella,legislatura18,yes
Mirella_Cristina,legislatura18,yes
Elena_Lucchini,legislatura18,yes
Gloria_Saccani,legislatura18,yes
Gloria_Saccani,legislatura19,yes
Sara_Cunial,legislatura18,yes
Emanuela_Rossini,legislatura18,yes
Enrica_Segneri,legislatura18,yes
Stefania_Mammi',legislatura18,yes
Cristina_Rossello,legislatura18,yes
Cristina_Rossello,legislatura19,yes
Lucia_Azzolina,legislatura18,yes
Elisabetta_Maria_Barbuto,legislatura18,yes
Silvia_Covolo,legislatura18,yes
Anna_Bilotti,legislatura18,yes
Giulia_Zanotelli,legislatura18,yes
Anna_Laura_Orrico,legislatura18,yes
Anna_Laura_Orrico,legislatura19,yes
Leda_Volpi,legislatura18,yes
Lisa_Noja,legislatura18,yes
Augusta_Montaruli,legislatura18,yes
Augusta_Montaruli,legislatura19,yes
Angela_Ianaro,legislatura18,yes
Claudia_Porchietto,legislatura18,yes
Virginia_Villani,legislatura18,yes
Wanda_Ferro,legislatura18,yes
Wanda_Ferro,legislatura19,yes
Rebecca_Frassini,legislatura18,yes
Rebecca_Frassini,legislatura19,yes
Ingrid_Bisa,legislatura18,yes
Ingrid_Bisa,legislatura19,yes
Alessandra_Locatelli,legislatura18,yes
Claudia_Maria_Terzi,legislatura18,yes
Vanessa_Cattoi,legislatura18,yes
Vanessa_Cattoi,legislatura19,yes
Fabiola_Bologna,legislatura18,yes
Margherita_Del_Sesto,legislatura18,yes
Maria_Pallini,legislatura18,yes
Ilaria_Fontana,legislatura18,yes
Ilaria_Fontana,legislatura19,yes
Martina_Loss,legislatura18,yes
Elisabetta_Christiana_Lancellotta,legislatura19,yes
Eliana_Longi,legislatura19,yes
Isabella_De_Monte,legislatura19,yes
Maria_Stefania_Marino,legislatura19,yes
Martina_Semenzato,legislatura19,yes
Ilaria_Cavo,legislatura19,yes
Maddalena_Morgante,legislatura19,yes
Giovanna_Iacono,legislatura19,yes
Eleonora_Evi,legislatura19,yes
Simona_Loizzo,legislatura19,yes
Simonetta_Matone,legislatura19,yes
Grazia_Di_Maggio,legislatura19,yes
Valentina_Barzotti,legislatura19,yes
Valentina_Barzotti,legislatura18,yes
Antonella_Forattini,legislatura19,yes
Nicole_Matteoni,legislatura19,yes
Valeria_Carmela_Maria_Sudano,legislatura19,yes
Rosaria_Tassinari,legislatura19,yes
Sara_Kelany,legislatura19,yes
Carmen_Letizia_Giorgianni,legislatura19,yes
Alessia_Ambrosi,legislatura19,yes
Maria_Tripodi,legislatura18,yes
Cecilia_D'elia,legislatura18,yes
Michaela_Di_Donna,legislatura18,yes
Stefania_Pezzopane,legislatura18,yes
Rossana_Lidia_Boldi,legislatura18,yes
Eva_Avossa,legislatura18,yes
Graziella_Leyla_Ciaga',legislatura18,yes
Angela_Schiro',legislatura18,yes
Elisa_Siragusa,legislatura18,yes
Maria_Teresa_Baldini,legislatura18,yes
Annarita_Patriarca,legislatura19,yes
Ilenia_Malavasi,legislatura19,yes
Valentina_Ghio,legislatura19,yes
Alessandra_Todde,legislatura19,yes
Silvia_Roggiani,legislatura19,yes
Beatriz_Colombo,legislatura19,yes
Ouidad_Bakkali,legislatura19,yes
Cristina_Almici,legislatura19,yes
Daniela_Dondi,legislatura19,yes
Mariangela_Matera,legislatura19,yes
Ida_Carmina,legislatura19,yes
Rosa_Maria_Di_Giorgi,legislatura18,yes
Grazia_Sestini,legislatura13,yes
Ada_Becchi,legislatura10,yes
Anna_Maria_Bernasconi,legislatura10,yes
